Language Name(Country/Region Name),Culture code,NumberGroupSeparator,NumberDisplayExample
"Arabic (Saudi Arabia)","ar-SA","٬","10٬000٬000"
"Bulgarian (Bulgaria)","bg-BG"," ","10 000 000"
"Catalan (Spain)","ca-ES",".","10.000.000"
"Chinese (Taiwan)","zh-TW",",","10,000,000"
"Czech (Czech Republic)","cs-CZ"," ","10 000 000"
"Danish (Denmark)","da-DK",".","10.000.000"
"German (Germany)","de-DE",".","10.000.000"
"Greek (Greece)","el-GR",".","10.000.000"
"English (United States)","en-US",",","10,000,000"
"Finnish (Finland)","fi-FI"," ","10 000 000"
"French (France)","fr-FR"," ","10 000 000"
"Hebrew (Israel)","he-IL",",","10,000,000"
"Hungarian (Hungary)","hu-HU"," ","10 000 000"
"Icelandic (Iceland)","is-IS",".","10.000.000"
"Italian (Italy)","it-IT",".","10.000.000"
"Japanese (Japan)","ja-JP",",","10,000,000"
"Korean (South Korea)","ko-KR",",","10,000,000"
"Dutch (Netherlands)","nl-NL",".","10.000.000"
"Norwegian Bokmål (Norway)","nb-NO"," ","10 000 000"
"Polish (Poland)","pl-PL"," ","10 000 000"
"Portuguese (Brazil)","pt-BR",".","10.000.000"
"Romanian (Romania)","ro-RO",".","10.000.000"
"Russian (Russia)","ru-RU"," ","10 000 000"
"Croatian (Croatia)","hr-HR",".","10.000.000"
"Slovak (Slovakia)","sk-SK"," ","10 000 000"
"Albanian (Albania)","sq-AL",".","10.000.000"
"Swedish (Sweden)","sv-SE"," ","10 000 000"
"Thai (Thailand)","th-TH",",","10,000,000"
"Turkish (Turkey)","tr-TR",".","10.000.000"
"Indonesian (Indonesia)","id-ID",".","10.000.000"
"Ukrainian (Ukraine)","uk-UA"," ","10 000 000"
"Belarusian (Belarus)","be-BY"," ","10 000 000"
"Slovenian (Slovenia)","sl-SI",".","10.000.000"
"Estonian (Estonia)","et-EE"," ","10 000 000"
"Latvian (Latvia)","lv-LV"," ","10 000 000"
"Lithuanian (Lithuania)","lt-LT",".","10.000.000"
"Persian (Iran)","fa-IR","٬","10٬000٬000"
"Vietnamese (Vietnam)","vi-VN",".","10.000.000"
"Armenian (Armenia)","hy-AM",".","10.000.000"
"Basque (Spain)","eu-ES",".","10.000.000"
"Macedonian (Macedonia)","mk-MK",".","10.000.000"
"Afrikaans (South Africa)","af-ZA",",","10,000,000"
"Georgian (Georgia)","ka-GE",".","10.000.000"
"Faroese (Faroe Islands)","fo-FO",".","10.000.000"
"Hindi (India)","hi-IN",",","10,00,00,00"
"Swahili (Kenya)","sw-KE",",","10,000,000"
"Gujarati (India)","gu-IN",",","10,00,00,00"
"Tamil (India)","ta-IN",",","10,00,00,00"
"Telugu (India)","te-IN",",","10,00,00,00"
"Kannada (India)","kn-IN",",","10,00,00,00"
"Marathi (India)","mr-IN",",","10,00,00,00"
"Gallegan (Spain)","gl-ES",".","10.000.000"
"Konkani (India)","kok-IN",",","10,00,00,00"
"Arabic (Iraq)","ar-IQ","٬","10٬000٬000"
"Chinese (China)","zh-CN",",","10,000,000"
"German (Switzerland)","de-CH","'","10'000'000"
"English (United Kingdom)","en-GB",",","10,000,000"
"Spanish (Mexico)","es-MX",",","10,000,000"
"French (Belgium)","fr-BE",".","10.000.000"
"Italian (Switzerland)","it-CH","'","10'000'000"
"Dutch (Belgium)","nl-BE",".","10.000.000"
"Norwegian Nynorsk (Norway)","nn-NO"," ","10 000 000"
"Portuguese (Portugal)","pt-PT",".","10.000.000"
"Swedish (Finland)","sv-FI"," ","10 000 000"
"Arabic (Egypt)","ar-EG","٬","10٬000٬000"
"Chinese (Hong Kong S.A.R., China)","zh-HK",",","10,000,000"
"German (Austria)","de-AT",".","10.000.000"
"English (Australia)","en-AU",",","10,000,000"
"Spanish (Spain)","es-ES",".","10.000.000"
"French (Canada)","fr-CA"," ","10 000 000"
"Arabic (Libya)","ar-LY","٬","10٬000٬000"
"Chinese (Singapore)","zh-SG",",","10,000,000"
"German (Luxembourg)","de-LU",".","10.000.000"
"English (Canada)","en-CA",",","10,000,000"
"Spanish (Guatemala)","es-GT",",","10,000,000"
"French (Switzerland)","fr-CH","'","10'000'000"
"Arabic (Algeria)","ar-DZ","٬","10٬000٬000"
"Chinese (Macao S.A.R. China)","zh-MO",",","10,000,000"
"English (New Zealand)","en-NZ",",","10,000,000"
"Spanish (Costa Rica)","es-CR",".","10.000.000"
"French (Luxembourg)","fr-LU",".","10.000.000"
"Arabic (Morocco)","ar-MA","٬","10٬000٬000"
"English (Ireland)","en-IE",",","10,000,000"
"Spanish (Panama)","es-PA",",","10,000,000"
"Arabic (Tunisia)","ar-TN","٬","10٬000٬000"
"English (South Africa)","en-ZA",",","10,000,000"
"Spanish (Dominican Republic)","es-DO",",","10,000,000"
"Arabic (Oman)","ar-OM","٬","10٬000٬000"
"Spanish (Venezuela)","es-VE",".","10.000.000"
"Arabic (Yemen)","ar-YE","٬","10٬000٬000"
"Spanish (Colombia)","es-CO",".","10.000.000"
"Arabic (Syria)","ar-SY","٬","10٬000٬000"
"Spanish (Peru)","es-PE",",","10,000,000"
"Arabic (Jordan)","ar-JO","٬","10٬000٬000"
"English (Trinidad and Tobago)","en-TT",",","10,000,000"
"Spanish (Argentina)","es-AR",".","10.000.000"
"Arabic (Lebanon)","ar-LB","٬","10٬000٬000"
"English (Zimbabwe)","en-ZW",",","10,000,000"
"Spanish (Ecuador)","es-EC",".","10.000.000"
"Arabic (Kuwait)","ar-KW","٬","10٬000٬000"
"English (Philippines)","en-PH",",","10,000,000"
"Spanish (Chile)","es-CL",".","10.000.000"
"Arabic (United Arab Emirates)","ar-AE","٬","10٬000٬000"
"Spanish (Uruguay)","es-UY",".","10.000.000"
"Arabic (Bahrain)","ar-BH","٬","10٬000٬000"
"Spanish (Paraguay)","es-PY",".","10.000.000"
"Arabic (Qatar)","ar-QA","٬","10٬000٬000"
"Spanish (Bolivia)","es-BO",".","10.000.000"
"Spanish (El Salvador)","es-SV",",","10,000,000"
"Spanish (Honduras)","es-HN",",","10,000,000"
"Spanish (Nicaragua)","es-NI",",","10,000,000"
"Spanish (Puerto Rico)","es-PR",",","10,000,000"
